Player ID,Round,Pick,Ov Pick,Pos,Player,Team,Fantasy Team,Time (PDT)
*074xi*,1,1,1,RB,Jeremiyah Love,ARI,JAGO,Aug 26, 2026 8:45:22,JLIU
*074xo*,1,2,2,RB,Jadarian Price,SEA,JTTA,Aug 26, 2026 9:00:47
*074xr*,1,3,3,WR,Carnell Tate,TEN,TFLA,Aug 26, 2026 9:17:29
*074y7*,1,4,4,WR,De'Zhaun Stribling,SF,GERM,Aug 26, 2026 10:36:23
*074xl*,1,5,5,WR,Makai Lemon,PHI,JAGO,Aug 26, 2026 10:42:30
*074xj*,1,6,6,WR,KC Concepcion,CLE,CLIU,Aug 26, 2026 12:47:47
*073py*,1,7,7,RB,Mike Washington,LV,MLAM,Aug 26, 2026 3:02:22
*074xe*,1,8,8,QB,Fernando Mendoza,LV,CHIP,Aug 26, 2026 3:03:35
*073nk*,1,9,9,WR,Jordyn Tyson,NO,WGMO,Aug 26, 2026 4:48:28
*06ayr*,1,10,10,WR,Michael Wilson,ARI,ACP,Aug 26, 2026 5:00:15,GMK
*07506*,1,11,11,RB,Jonah Coleman,DEN,TC,Aug 26, 2026 5:03:47
*074yd*,1,12,12,WR,Denzel Boston,CLE,KLIU,Aug 26, 2026 5:10:58
*074zq*,1,13,13,RB,Kaelon Black,SF,JH,Aug 26, 2026 5:11:46
*05jkv*,1,14,14,TE,Juwan Johnson,NO,DAVE,Aug 26, 2026 5:15:54
*074xx*,1,15,15,TE,Kenyon Sadiq,NYJ,ACP,Aug 26, 2026 5:31:29
*06bby*,1,16,16,RB,Keaton Mitchell,LAC,PAN,Aug 26, 2026 5:38:32
*06ayn*,2,1,17,RB,Tank Bigsby,PHI,JLIU,Aug 26, 2026 7:00:59
*07520*,2,2,18,WR,Cyrus Allen,KC,JTTA,Aug 26, 2026 10:01:03
*074xy*,2,3,19,WR,Omar Cooper Jr.,NYJ,JLIU,Aug 26, 2026 11:00:48,JAGO via TFLA
*0751l*,2,4,20,RB,Emmett Johnson,KC,GERM,Aug 27, 2026 6:42:28
*074zu*,2,5,21,TE,Eli Raridon,NE,JAGO,Aug 27, 2026 8:07:13
*074zg*,2,6,22,WR,Ja'Kobi Lane,BAL,PAN,Aug 27, 2026 8:46:40,CHIP
*06b58*,2,7,23,RB,Emari Demercado,DAL,MLAM,Aug 27, 2026 8:49:42
*0737w*,2,8,24,WR,Chris Bell,MIA,CHIP,Aug 27, 2026 9:19:11,CLIU
*074ys*,2,9,25,TE,Eli Stowers,PHI,WGMO,Aug 27, 2026 11:29:38
*040g5*,2,10,26,QB,Jacoby Brissett,ARI,GMK,Aug 27, 2026 2:29:45
*0611u*,2,11,27,WR,Jalen Nailor,LV,TC,Aug 27, 2026 2:51:52
*0751p*,2,12,28,RB,Nicholas Singleton,TEN,KLIU,Aug 27, 2026 5:03:01
*02jak*,2,13,29,QB,Kirk Cousins,LV,JH,Aug 27, 2026 5:04:53
*06swt*,2,14,30,TE,Oronde Gadsden,LAC,DAVE,Aug 27, 2026 8:05:01
*074zc*,2,15,31,WR,Caleb Douglas,MIA,ACP,Aug 27, 2026 8:22:54
*06jea*,2,16,32,QB,Michael Penix Jr.,ATL,CHIP,Aug 27, 2026 9:15:09,PAN
*074yl*,3,1,33,WR,Germie Bernard,PIT,CLIU,Aug 27, 2026 10:03:38,JLIU
*074zb*,3,2,34,WR,Malachi Fields,NYG,JTTA,Aug 27, 2026 11:55:55
*06lil*,3,3,35,RB,George Holani,SEA,TFLA,Aug 28, 2026 7:18:12
*074zf*,3,4,36,WR,Zachariah Branch,ATL,GERM,Aug 28, 2026 8:21:59
*061e1*,3,5,37,RB,Malik Davis,DAL,TFLA,Aug 28, 2026 8:36:58,JAGO
*0752m*,3,6,38,RB,Kaytron Allen,WAS,CHIP,Aug 28, 2026 9:37:43
*060ls*,3,7,39,WR,Jahan Dotson,ATL,MLAM,Aug 28, 2026 9:51:46
*0753n*,3,8,40,RB,Seth McGowan,IND,CLIU,Aug 28, 2026 10:57:44
*074zk*,3,9,41,WR,Ted Hurst,TB,WGMO,Aug 28, 2026 12:50:18
*060r3*,3,10,42,TE,Greg Dulcich,MIA,GMK,Aug 28, 2026 2:50:50
*06sge*,3,11,43,RB,Jordan James,SF,TC,Aug 28, 2026 3:01:19
*06sts*,3,12,44,WR,Isaac TeSlaa,DET,KLIU,Aug 28, 2026 6:01:24
*06je7*,3,13,45,WR,Keon Coleman,BUF,JH,Aug 28, 2026 6:06:20
*0754a*,3,14,46,WR,Antonio Williams,WAS,DAVE,Aug 28, 2026 6:07:35
*04cd7*,3,15,47,RB,Kareem Hunt,(N/A),ACP,Aug 28, 2026 6:09:15
*06sgm*,3,16,48,WR,Pat Bryant,DEN,PAN,Aug 28, 2026 7:12:39
*0752t*,4,1,49,RB,Demond Claiborne,MIN,JLIU,Aug 28, 2026 7:41:21
*0750x*,4,2,50,WR,Bryce Lance,NO,JTTA,Aug 28, 2026 10:37:13
*06bg9*,4,3,51,RB,Christopher Brooks,GB,TFLA,Aug 28, 2026 10:45:40
*0751y*,4,4,52,RB,Adam Randall,BAL,GERM,Aug 29, 2026 8:40:35
*074xc*,4,5,53,QB,Ty Simpson,LAR,JAGO,Aug 29, 2026 8:42:02
*06aom*,4,6,54,RB,Kendre Miller,NO,CHIP,Aug 29, 2026 9:12:50
*0750m*,4,7,55,WR,Skyler Bell,BUF,MLAM,Aug 29, 2026 11:05:22
*06s7c*,4,8,56,RB,DJ Giddens,IND,TFLA,Aug 29, 2026 11:14:21,CLIU
*06jeo*,4,9,57,WR,Troy Franklin,DEN,TFLA,Aug 29, 2026 11:20:06,WGMO
*06lbq*,4,10,58,WR,Devaughn Vele,NO,GMK,Aug 29, 2026 11:46:49
*06sfj*,4,11,59,TE,Mason Taylor,NYJ,TC,Aug 29, 2026 11:47:52
*05gul*,4,12,60,TE,Colby Parkinson,LAR,KLIU,Aug 29, 2026 12:17:00
*048vi*,4,13,61,QB,Deshaun Watson,CLE,JH,Aug 29, 2026 12:22:07
*06jeu*,4,14,62,WR,Devontez Walker,BAL,DAVE,Aug 29, 2026 12:59:30
*07508*,4,15,63,QB,Cade Klubnik,NYJ,ACP,Aug 29, 2026 2:16:11
*05rlg*,4,16,64,QB,Mac Jones,SF,PAN,Aug 29, 2026 3:39:25
*04mpt*,5,1,65,TE,Mike Gesicki,CIN,JLIU,Aug 29, 2026 4:30:59
*06blc*,5,2,66,RB,Emanuel Wilson,SEA,JTTA,Aug 29, 2026 5:04:07
*075bu*,5,3,67,RB,Dean Connors,LAR,CLIU,Aug 29, 2026 5:50:00,TFLA
*0619a*,5,4,68,TE,Jake Tonges,SF,GERM,Aug 29, 2026 6:00:21
*05rn3*,5,5,69,WR,Tutu Atwell,LAR,TFLA,Aug 29, 2026 6:13:29,JAGO
*060rx*,5,6,70,WR,Jalen Tolbert,MIA,CHIP,Aug 29, 2026 7:49:39
*05rni*,5,7,71,WR,Josh Palmer,BUF,MLAM,Aug 29, 2026 8:02:16
*06aqx*,5,8,72,WR,Andrei Iosivas,CIN,JLIU,Aug 29, 2026 8:47:45,CLIU
*074z4*,5,9,73,QB,Carson Beck,ARI,WGMO,Aug 29, 2026 10:50:01
*04yp8*,5,10,74,RB,Devin Singletary,NYG,GMK,Aug 29, 2026 11:04:02
*0750d*,5,11,75,WR,Elijah Sarratt,BAL,TC,Aug 29, 2026 11:23:14
*07511*,5,12,76,WR,Colbie Young,CIN,KLIU,Aug 30, 2026 7:53:47
*06jei*,5,13,77,WR,Ricky Pearsall,SF,JH,Aug 30, 2026 7:58:40
*05rle*,5,14,78,WR,Rashod Bateman,BAL,DAVE,Aug 30, 2026 11:00:24
*04zec*,5,15,79,RB,Ty Johnson,BUF,ACP,Aug 30, 2026 11:56:55
*06s5w*,5,16,80,RB,Kaleb Johnson,GB,PAN,Aug 30, 2026 12:32:23
